{"cameraMode":{"drawMode":0,"name":"Shaded","section":"Shading Mode"},"sceneLighting":true,"audioPlay":false,"sceneViewState":{"m_AlwaysRefresh":false,"showFog":true,"showSkybox":true,"showFlares":true,"showImageEffects":true,"showParticleSystems":true,"showVisualEffectGraphs":true,"m_FxEnabled":true},"in2DMode":false,"pivot":{"x":9.157349586486817,"y":0.9954939484596252,"z":0.8053607940673828},"rotation":{"x":0.10314001888036728,"y":0.05815449357032776,"z":-0.006045417860150337,"w":0.9929648041725159},"size":1.253524661064148,"orthographic":false}